Bitcoin,"$79,733.01",1.22%,$1.6T
Ethereum,"$2,456.41",0.76%,$299.9B
Tether,$1.00,0.02%,$183.4B
BNB,$767.88,7.67%,$102.25B
XRP,$1.41,1.61%,$89.04B
USDC,$0.9999,0.01%,$74.59B
Solana,$102.85,1.99%,$60.21B
TRON,$0.3331,1.21%,$31.62B
Hyperliquid,$85.24,1.42%,$21.44B
Zcash,"$1,015.92",4.01%,$17.12B
Bitcoin,"$78,285.25",1.01%,$1.57T
Ethereum,"$2,474.65",0.43%,$302.6B
Tether,$0.9998,0.00%,$183.41B
BNB,$750.44,0.86%,$99.93B
XRP,$1.40,0.87%,$88.39B
USDC,$1.00,0.01%,$74.24B
Solana,$103.03,1.34%,$60.39B
TRON,$0.3391,1.18%,$32.2B
Hyperliquid,$83.37,4.23%,$21B
Zcash,"$1,161.95",1.22%,$19.58B
